City_ID,City,Lat,Lng,Max Temp,Humidity,Cloudiness,Wind Speed,Country,Date
0,batangafo,7.3008,18.2833,33.68,18,90,0.79,CF,1710266253
1,mar del plata,-38.0023,-57.5575,21.4,93,75,6.71,AR,1710265971
2,blackmans bay,-43.0167,147.3167,10.29,81,59,1.05,AU,1710266255
3,rundu,-17.9333,19.7667,30.0,21,59,1.52,NA,1710266257
4,gobabis,-22.45,18.9667,26.86,30,77,2.78,NA,1710266258
5,iqaluit,63.7506,-68.5145,-23.15,77,20,0.0,CA,1710266259
6,port-aux-francais,-49.35,70.2167,5.27,73,33,16.63,TF,1710266260
7,ilulissat,69.2167,-51.1,-13.85,91,100,1.26,GL,1710266262
8,khanpur mahar,27.8436,69.4137,22.43,53,46,4.52,PK,1710266264
9,saguenay,48.4168,-71.0657,-1.07,75,100,7.72,CA,1710266013
10,novopskov,49.5464,39.0899,0.31,51,52,2.31,UA,1710266266
11,franklin,39.9667,-83.0166,19.74,38,75,6.17,US,1710266056
12,cartagena,10.3997,-75.5144,33.79,55,20,8.23,CO,1710266269
13,phek,25.6667,94.5,9.08,59,0,0.27,IN,1710266270
14,chibougamau,49.9168,-74.3659,-3.23,86,100,3.09,CA,1710266272
15,markaz-e hukumat-e darweshan,31.1323,64.1934,15.01,66,54,1.52,AF,1710266273
16,alice springs,-23.7,133.8833,25.75,41,58,3.09,AU,1710266276
17,grytviken,-54.2811,-36.5092,5.69,80,59,3.62,GS,1710266277
18,crane,31.3974,-102.3501,22.8,31,99,3.97,US,1710266278
19,edinburgh of the seven seas,-37.0676,-12.3116,16.38,67,100,4.39,SH,1710266279
20,adamstown,-25.066,-130.1015,25.29,77,89,2.25,PN,1710266281
21,ribeira brava,32.65,-17.0667,19.45,91,99,4.82,PT,1710266282
22,san antonio de pale,-1.4014,5.6325,28.93,79,100,4.04,GQ,1710266284
23,puerto ayora,-0.7393,-90.3518,29.19,87,98,1.79,EC,1710266285
24,farshut,26.0549,32.1633,24.29,9,0,3.56,EG,1710266287
25,mount pearl,47.5166,-52.7813,4.19,81,75,4.12,CA,1710266288
26,magadan,59.5667,150.8,-12.47,83,98,2.18,RU,1710266290
27,rosarito,32.3333,-117.0333,16.73,69,99,4.98,MX,1710266291
28,nadi,-17.8,177.4167,25.0,88,75,1.03,FJ,1710266292
29,sorsk,54.0033,90.2467,-6.6,98,100,0.94,RU,1710266294
30,naryn,41.4287,75.9911,-4.62,70,74,4.33,KG,1710266295
31,shelbyville,35.4834,-86.4603,20.02,25,0,4.63,US,1710266066
32,tofol,5.3248,163.0078,27.67,86,100,10.55,FM,1710266299
33,port elizabeth,-33.918,25.5701,22.83,90,75,9.77,ZA,1710266300
34,bethel,41.3712,-73.414,16.12,41,0,7.2,US,1710266302
35,puerto natales,-51.7236,-72.4875,13.25,44,75,7.2,CL,1710266303
36,okhotsk,59.3833,143.3,-21.33,88,77,3.86,RU,1710266304
37,shabqadar,34.2139,71.5552,19.12,45,100,1.15,PK,1710266305
38,san patricio,28.017,-97.5169,26.04,57,98,6.13,US,1710266306
39,gdov,58.7406,27.8122,-1.34,67,100,3.2,RU,1710266308
40,ta`u,-14.2336,-169.5144,28.73,77,73,4.48,AS,1710266309
41,codrington,-38.2667,141.9667,15.24,78,100,5.64,AU,1710266310
42,tsiombe,-25.3,45.4833,25.94,82,100,2.84,MG,1710266312
43,yaren,-0.5472,166.916,28.19,80,100,5.61,NR,1710266313
44,iskateley,67.6803,53.1512,-2.21,95,100,10.28,RU,1710266316
45,waitangi,-43.9535,-176.5597,13.23,79,100,0.89,NZ,1710266317
46,albany,42.6001,-73.9662,13.16,36,3,3.58,US,1710266318
47,west island,-12.1568,96.8225,25.99,83,40,4.63,CC,1710266319
48,wolmaransstad,-27.1974,25.9831,26.08,30,82,3.82,ZA,1710266320
49,hermanus,-34.4187,19.2345,21.0,79,34,2.53,ZA,1710266321
50,lebu,-37.6167,-73.65,16.75,82,60,3.48,CL,1710266323
51,mbale,1.0821,34.175,24.07,51,93,2.22,UG,1710266324
52,college,64.8569,-147.8028,-21.42,66,40,1.54,US,1710266325
53,avarua,-21.2078,-159.775,26.03,83,75,4.63,CK,1710266147
54,kinablangan,7.6947,126.5503,25.61,85,71,2.34,PH,1710266332
55,badger,64.8,-147.5333,-21.47,75,40,1.54,US,1710266334
56,el alto,-4.2714,-81.2147,30.81,65,68,4.33,PE,1710266336
57,goderich,43.7501,-81.7165,7.17,79,96,5.53,CA,1710266338
58,punta arenas,-53.15,-70.9167,10.06,57,75,5.66,CL,1710266339
59,georgetown,5.4112,100.3354,27.96,77,20,0.51,MY,1710266128
60,carnarvon,-24.8667,113.6333,25.74,77,56,7.69,AU,1710266342
61,polyarnyy,69.1989,33.4478,-4.71,78,100,7.07,RU,1710266343
62,dudinka,69.4058,86.1778,-22.96,97,100,9.83,RU,1710266344
63,kununurra,-15.7667,128.7333,25.99,94,100,1.54,AU,1710266346
64,muisne,0.6,-80.0333,28.45,74,71,4.44,EC,1710266347
65,port alfred,-33.5906,26.891,22.32,90,58,2.68,ZA,1710266348
66,bumba,2.1833,22.4667,28.73,55,51,1.74,CD,1710266349
67,grande prairie,55.1667,-118.8027,-0.79,88,100,0.95,CA,1710265816
68,kovdor,67.5662,30.4758,-6.13,96,100,1.43,RU,1710266352
69,camargo,27.6667,-105.1667,23.7,15,99,4.29,MX,1710266353
70,olonkinbyen,70.9221,-8.7187,-1.7,90,100,4.71,SJ,1710266354
71,salinopolis,-0.6136,-47.3561,28.29,79,59,4.53,BR,1710266355
72,constantia,44.1833,28.65,8.38,95,100,6.01,RO,1710266064
73,alofi,-19.0595,-169.9187,26.94,94,75,6.69,NU,1710266358
74,canutama,-6.5339,-64.3831,34.02,55,95,0.89,BR,1710266359
75,smithers,54.7804,-127.1743,2.31,89,94,0.57,CA,1710266360
76,bredasdorp,-34.5322,20.0403,20.09,71,35,3.52,ZA,1710266362
77,hamilton,39.1834,-84.5333,19.39,36,0,5.14,US,1710266271
78,minas de marcona,-15.2119,-75.1103,22.62,65,54,7.05,PE,1710266364
79,ushuaia,-54.8,-68.3,11.79,62,75,6.17,AR,1710266342
80,stettler,52.3168,-112.7186,-1.77,87,99,1.72,CA,1710266368
81,afaahiti,-17.75,-149.2833,26.93,84,100,6.24,PF,1710266370
82,novodvinsk,64.4165,40.8122,0.99,90,99,3.77,RU,1710266371
83,winkler,49.1817,-97.941,6.1,70,52,3.09,CA,1710266373
84,chonchi,-42.6128,-73.8092,14.51,58,62,3.51,CL,1710266374
85,sao jose da coroa grande,-8.8978,-35.1478,29.74,68,100,3.95,BR,1710266375
86,hovd,48.0056,91.6419,-1.03,47,82,1.3,MN,1710266376
87,vila velha,-20.3297,-40.2925,28.3,71,40,5.66,BR,1710266378
88,illapel,-31.6308,-71.1653,28.06,29,0,3.56,CL,1710266171
89,karratha,-20.7377,116.8463,27.29,68,25,4.9,AU,1710266382
90,tra mhor,52.1624,-7.1524,10.96,84,75,8.23,IE,1710266383
91,vilyuchinsk,52.9306,158.4028,-14.48,84,46,4.62,RU,1710266384
92,maragogi,-9.0122,-35.2225,30.16,66,100,4.42,BR,1710266386
93,singkil,-7.9855,111.4161,24.03,97,100,1.48,ID,1710266387
94,abepura,-2.6333,140.5833,24.45,94,20,0.51,ID,1710266389
95,whitehorse,60.7161,-135.0538,-8.28,62,99,0.45,CA,1710266391
96,papatowai,-46.5619,169.4708,9.81,64,5,6.44,NZ,1710266392
97,yellowknife,62.456,-114.3525,-11.44,96,100,7.2,CA,1710266124
98,muntok,-2.0667,105.1833,25.09,91,97,2.51,ID,1710266395
99,volodymyr-volynskyi,50.8525,24.3236,4.18,95,100,5.47,UA,1710266396
100,inirida,3.8653,-67.9239,33.25,53,96,1.53,CO,1710266397
101,eichendorf,48.6333,12.85,9.12,71,89,3.39,DE,1710266399
102,ulladulla,-35.35,150.4667,20.97,85,86,3.04,AU,1710266400
103,kapuskasing,49.4169,-82.4331,2.3,88,91,2.23,CA,1710266162
104,ntungamo,-0.8833,29.65,22.45,68,72,1.86,UG,1710266411
105,ziway,7.9333,38.7167,24.07,42,63,7.66,ET,1710266413
106,mount isa,-20.7333,139.5,20.87,73,0,3.09,AU,1710266415
107,mina clavero,-31.721,-65.0062,33.92,39,0,9.52,AR,1710266417
108,mae ramat,16.984,98.5166,24.89,64,8,0.38,TH,1710266419
109,high rock,26.6208,-78.2833,21.24,61,3,4.03,BS,1710266426
110,red wing,44.5625,-92.5338,17.28,33,0,4.12,US,1710266272
111,uturoa,-16.7333,-151.4333,28.83,75,73,4.08,PF,1710266429
112,kharkiv,50.0,36.25,0.86,48,100,2.85,UA,1710266431
113,hawkesbury,45.6001,-74.616,7.25,39,2,4.04,CA,1710266433
114,new norfolk,-42.7826,147.0587,10.95,81,66,0.56,AU,1710266435
115,dom pedrito,-30.9828,-54.6731,35.54,27,0,4.92,BR,1710266437
116,zhezqazghan,47.7833,67.7667,-11.01,95,68,2.83,KZ,1710266439
117,aral,40.5156,81.2636,9.64,25,30,3.42,CN,1710266441
118,isafjordur,66.0755,-23.124,2.02,80,75,6.69,IS,1710266308
119,el calafate,-50.3408,-72.2768,11.59,46,75,5.28,AR,1710266204
120,brisas barra de suchiate,14.55,-92.2167,35.94,36,0,6.0,MX,1710266447
121,vanimo,-2.6741,141.3028,25.58,91,100,3.19,PG,1710266449
122,zaraza,9.3503,-65.3245,38.81,25,24,2.93,VE,1710266450
123,harstad,68.799,16.5293,1.56,96,99,1.79,NO,1710266451
124,namibe,-15.1961,12.1522,24.9,87,75,5.46,AO,1710266453
125,dubrovnik,42.6481,18.0922,10.8,81,40,1.54,HR,1710266454
126,nieuw amsterdam,5.8833,-55.0833,35.09,49,40,4.12,SR,1710266456
127,sinabang,2.4803,96.3801,26.86,74,48,0.55,ID,1710266458
128,bassar,9.25,0.7833,27.63,58,97,2.66,TG,1710266460
129,timimoun,29.2639,0.231,27.21,12,0,4.63,DZ,1710266463
130,cabo san lucas,22.8909,-109.9124,28.12,62,98,1.34,MX,1710266076
131,mount gambier,-37.8333,140.7667,14.69,83,100,2.44,AU,1710266468
132,qaqortoq,60.7167,-46.0333,-3.36,86,7,1.24,GL,1710266473
133,agat village,13.3886,144.6585,27.06,87,98,0.89,GU,1710266476
134,talnakh,69.4865,88.3972,-23.22,98,100,6.22,RU,1710266478
135,rocha,-34.4833,-54.3333,33.53,22,100,5.8,UY,1710266430
136,margaret river,-33.95,115.0667,17.3,78,15,4.47,AU,1710266482
137,roma,43.2128,-75.4557,12.07,39,0,6.69,US,1710266484
138,geiro,-6.15,36.8667,18.43,95,33,2.46,TZ,1710266486
139,praia da vitoria,38.7333,-27.0667,19.14,68,20,4.07,PT,1710266487
140,paracuru,-3.41,-39.0306,29.5,69,54,3.52,BR,1710266489
141,hawaiian paradise park,19.5933,-154.9731,21.69,98,100,6.21,US,1710266490
142,taoudenni,22.6783,-3.9836,31.26,11,92,2.77,ML,1710266491
143,olonets,60.9847,32.9698,-4.71,94,100,1.74,RU,1710266493
144,longyearbyen,78.2186,15.6401,-11.09,67,75,6.69,SJ,1710266494
145,fort myers beach,26.452,-81.9481,28.36,59,0,2.06,US,1710266496
146,queenstown,-31.8976,26.8753,21.0,59,67,4.1,ZA,1710266296
147,poronaysk,49.2167,143.1167,-19.33,93,6,1.81,RU,1710266498
148,midoun,33.8081,10.9923,16.79,60,4,1.3,TN,1710266499
149,hithadhoo,-0.6,73.0833,28.68,64,64,1.93,MV,1710266500
150,cill airne,52.05,-9.5167,13.03,88,75,7.72,IE,1710266502
151,mata-utu,-13.2816,-176.1745,29.25,75,88,2.94,WF,1710266503
152,stanley,54.868,-1.6985,9.77,86,75,3.6,GB,1710266289
153,nemuro,43.3236,145.575,-1.81,87,100,11.64,JP,1710266506
154,neiafu,-18.65,-173.9833,26.38,94,75,0.0,TO,1710266507
155,bayanhongor,46.7167,100.1167,-21.06,85,24,1.69,MN,1710266509
156,jamestown,42.097,-79.2353,15.85,52,0,5.66,US,1710266511
157,eyl,7.9803,49.8164,26.98,75,3,5.72,SO,1710266512
158,qamdo,31.1667,97.2333,-0.82,49,100,2.07,CN,1710266513
159,nar'yan-mar,67.6713,53.087,-2.16,95,100,10.28,RU,1710266515
160,noumea,-22.2763,166.4572,26.11,99,100,5.44,NC,1710265901
161,kendari,-3.945,122.4989,25.52,91,100,0.53,ID,1710266520
162,east london,-33.0153,27.9116,23.52,83,75,5.66,ZA,1710266521
163,tromso,69.6496,18.957,0.01,80,75,4.63,NO,1710266524
164,arteche,12.2645,125.4048,25.07,74,98,3.35,PH,1710266526
165,st. john's,47.5649,-52.7093,4.66,86,75,4.12,CA,1710266528
166,tiksi,71.6872,128.8694,-21.14,98,100,1.88,RU,1710266537
167,bamboo flat,11.7,92.7167,26.55,73,3,3.37,IN,1710266540
168,aasiaat,68.7098,-52.8699,-13.34,87,100,0.97,GL,1710266542
169,ribeira grande,38.5167,-28.7,16.22,82,40,8.49,PT,1710266545
170,walvis bay,-22.9575,14.5053,21.53,68,60,2.57,NA,1710266546
171,pundong,-7.9522,110.3486,25.23,89,99,1.53,ID,1710266548
172,atafu village,-8.5421,-172.5159,29.57,74,72,5.03,TK,1710266549
173,thompson,55.7435,-97.8558,-1.43,94,100,3.92,CA,1710266551
174,barah,13.7,30.3667,31.39,10,73,4.47,SD,1710266552
175,ingeniero jacobacci,-41.3427,-69.5448,20.34,21,15,12.62,AR,1710266553
176,forbes,-33.3833,148.0167,22.73,37,84,2.79,AU,1710266555
177,laibin,23.7,109.2667,19.18,64,100,3.31,CN,1710266556
178,invercargill,-46.4,168.35,10.01,77,16,1.79,NZ,1710266557
179,williston,48.147,-103.618,10.73,68,100,2.22,US,1710266559
180,fort bragg,35.139,-79.006,22.58,20,0,2.57,US,1710266562
181,luderitz,-26.6481,15.1594,21.33,61,25,8.63,NA,1710266563
182,quellon,-43.1167,-73.6167,14.65,66,79,4.47,CL,1710266564
183,thannhausen,48.2833,10.4667,6.45,87,93,1.84,DE,1710266567
184,la'ie,21.6477,-157.9253,24.98,81,56,4.02,US,1710266568
185,robertsport,6.7533,-11.3686,27.73,79,100,3.49,LR,1710266570
186,arraial do cabo,-22.9661,-42.0278,28.98,69,20,6.17,BR,1710266563
187,kodiak,57.79,-152.4072,-4.17,63,95,3.84,US,1710266573
188,mermoz boabab,14.7065,-17.4758,32.31,64,0,7.2,SN,1710266574
189,anadyr,64.75,177.4833,-30.62,100,46,1.81,RU,1710266575
190,westport,41.1415,-73.3579,17.16,36,7,2.68,US,1710266478
191,severo-yeniseyskiy,60.3725,93.0408,-21.04,100,96,1.57,RU,1710266578
192,jiutai,44.1525,125.8328,0.49,52,100,4.4,CN,1710266579
193,lorengau,-2.0226,147.2712,27.17,81,100,5.61,PG,1710266580
194,puerto baquerizo moreno,-0.9,-89.6,27.53,76,75,2.19,EC,1710266577
195,port mathurin,-19.6833,63.4167,26.66,81,12,8.77,MU,1710266585
196,kampong cham,11.9934,105.4635,27.6,65,70,5.27,KH,1710266589
197,pankrushikha,53.8319,80.3406,-10.42,97,100,2.98,RU,1710266590
198,broome,42.2506,-75.833,14.22,56,0,6.17,US,1710266592
199,brookings,44.3114,-96.7984,15.81,41,0,1.54,US,1710266339
200,sinop,41.7711,34.8709,11.4,53,66,2.8,TR,1710266594
201,nova sintra,14.8667,-24.7167,19.75,76,55,6.07,CV,1710266596
202,ingeniero luis a. huergo,-39.0833,-67.2333,29.94,15,0,12.27,AR,1710266597
203,leh,34.1667,77.5833,-13.81,84,74,1.5,IN,1710266598
204,vernon,50.2581,-119.2691,9.05,72,84,1.34,CA,1710266445
205,cacheu,12.2706,-16.1658,38.05,18,89,3.86,GW,1710266601
206,belmonte,-15.8631,-38.8828,28.73,72,97,2.37,BR,1710266602
207,bardai,11.65,7.2333,33.3,10,94,4.03,NG,1710266604
208,morehead city,34.7229,-76.726,23.0,56,0,5.66,US,1710266337
209,ujae,8.9322,165.7642,26.88,84,100,11.14,MH,1710266606
210,namtsy,62.7161,129.6658,-14.83,96,100,3.25,RU,1710266609
211,siwa oasis,29.2041,25.5195,21.64,22,4,2.43,EG,1710266610
212,loango,-4.6719,11.8312,27.88,87,66,3.23,CG,1710266611
213,san stino di livenza,45.735,12.6808,14.01,86,75,2.22,IT,1710266612
214,suances,43.4334,-4.0434,13.91,75,0,3.6,ES,1710266547
215,trincomalee,8.5711,81.2335,26.94,73,93,3.88,LK,1710266625
216,carriere,10.0341,-12.8657,36.44,18,96,2.57,GN,1710266626
217,mezhdurechenskiy,59.6,65.9333,-19.01,100,79,0.43,RU,1710266627
218,beau vallon,-20.4189,57.6953,25.68,76,56,7.09,MU,1710266453
219,dunedin,-45.8742,170.5036,11.0,70,67,4.47,NZ,1710266502
220,woolgoolga,-30.1106,153.2007,18.91,71,51,0.93,AU,1710266639
221,timmins,48.4669,-81.3331,5.42,69,75,1.83,CA,1710266640
222,cherdyn',60.403,56.4787,-19.41,100,67,0.7,RU,1710266642
223,saint-joseph,-21.3667,55.6167,25.37,79,27,6.12,RE,1710266644
224,caleta de carquin,-11.0925,-77.6267,25.61,75,93,4.35,PE,1710266646
225,tete,-16.1564,33.5867,25.05,83,75,6.69,MZ,1710266530
226,enewetak,11.3474,162.3373,26.55,78,100,10.64,MH,1710266649
227,bilibino,68.0546,166.4372,-28.73,98,95,1.67,RU,1710266650
228,ascension,30.2169,-90.9001,23.34,58,40,2.06,US,1710266357
229,nova vicosa,-17.8919,-39.3719,28.09,76,53,4.88,BR,1710266611
230,tadine,-21.55,167.8833,25.65,88,99,8.76,NC,1710266654
231,boden,65.8252,21.6886,-7.0,98,95,1.04,SE,1710266656
232,tchintabaraden,15.8969,5.7985,35.1,10,9,4.88,NE,1710266657
233,tynda,55.1667,124.7167,-15.11,98,99,0.97,RU,1710266659
234,labrador city,52.9463,-66.9114,0.66,58,100,4.02,CA,1710266662
235,usinsk,65.9939,57.5281,-11.07,94,100,10.73,RU,1710266663
236,fernie,49.5,-115.0687,3.38,95,100,2.66,CA,1710266664
237,beira,-19.8436,34.8389,29.05,70,75,2.24,MZ,1710266666
238,ancud,-41.8697,-73.8203,13.7,80,93,6.61,CL,1710266667
239,lompoc,34.6391,-120.4579,17.66,66,100,3.09,US,1710266667
240,pacific grove,36.6177,-121.9166,15.24,82,100,4.92,US,1710266409
241,palikir - national government center,6.9248,158.1611,27.41,83,100,3.6,FM,1710266670
242,mozarlandia,-14.7447,-50.5706,34.58,47,53,0.78,BR,1710266672
243,key west,24.5557,-81.7826,28.0,63,40,7.2,US,1710266647
244,bella vista,36.4295,-94.2316,21.66,54,0,8.75,US,1710266674
245,bengkulu,-3.8004,102.2655,24.26,87,100,2.11,ID,1710266677
246,yarmouth,41.7057,-70.2286,13.14,39,0,7.2,US,1710266678
247,tazovsky,67.4667,78.7,-21.43,91,91,7.99,RU,1710266679
248,newman,37.3138,-121.0208,14.13,78,96,1.79,US,1710266681
249,holualoa,19.6228,-155.9522,23.21,78,75,3.6,US,1710266682
250,kapa'a,22.0752,-159.319,23.39,84,75,5.66,US,1710266684
251,villa gesell,-37.2639,-56.973,18.36,94,100,6.43,AR,1710266685
252,ust-nera,64.5667,143.2,-31.55,100,23,2.17,RU,1710266686
253,asmar,35.0333,71.3581,14.43,59,100,2.2,AF,1710266687
254,kayangel,8.0823,134.7173,27.46,78,66,7.15,PW,1710266689
255,ladysmith,48.9829,-123.8194,8.81,90,74,3.17,CA,1710266690
256,savanna-la-mar,18.219,-78.1332,31.07,49,6,2.45,JM,1710266692
257,wickenburg,33.9686,-112.7296,20.1,29,57,4.6,US,1710266693
258,rio grande,-32.035,-52.0986,29.06,65,73,6.58,BR,1710266609
259,los palacios,22.5872,-83.2486,31.05,50,45,4.15,CU,1710266491
260,tabina,7.4669,123.4081,26.35,82,78,3.15,PH,1710266697
261,riverton,40.5219,-111.9391,9.84,55,100,5.66,US,1710266698
262,sitka,57.0531,-135.33,6.94,61,75,8.75,US,1710266700
263,raceland,29.7274,-90.599,23.32,66,94,1.34,US,1710266702
264,buka,40.8108,69.1986,5.28,93,100,3.61,UZ,1710266704
265,remire-montjoly,4.9167,-52.2667,27.33,82,100,5.36,GF,1710266705
266,hobyo,5.3505,48.5268,28.28,78,24,7.2,SO,1710266707
267,tolanaro,-25.0319,46.9987,25.59,90,32,5.52,MG,1710266708
268,road town,18.4167,-64.6167,29.05,61,40,4.12,VG,1710266710
269,medicine hat,50.0501,-110.6683,10.4,54,82,3.58,CA,1710266617
270,fort st. john,56.2499,-120.8529,0.31,84,100,0.63,CA,1710266713
271,okha,53.5739,142.9478,-23.02,100,86,2.4,RU,1710266714
272,takoradi,4.8845,-1.7554,29.6,71,88,4.26,GH,1710266716
273,san antonio,29.4241,-98.4936,24.43,67,75,7.2,US,1710266088
274,abadeh,31.1608,52.6506,5.65,59,0,1.41,IR,1710266719
275,varberg,57.1056,12.2508,4.47,86,100,1.26,SE,1710266720
276,portland,45.5234,-122.6762,9.99,86,75,5.14,US,1710266306
277,vojens,55.2464,9.306,7.01,93,100,2.57,DK,1710266723
278,embi,48.8264,58.1442,-16.8,100,71,1.75,KZ,1710266724
279,dubai,25.2582,55.3047,21.41,67,24,6.3,AE,1710266044
280,trairi,-3.2778,-39.2689,29.74,69,59,3.43,BR,1710266727
281,stockerau,48.383,16.1996,9.78,90,100,1.79,AT,1710266729
282,ugoofaaru,5.6667,73.0,28.08,73,9,1.66,MV,1710266730
283,philadelphia,39.9523,-75.1638,18.64,37,40,7.2,US,1710266213
284,la ronge,55.1001,-105.2842,-3.86,74,100,2.57,CA,1710266734
285,urucara,-2.5364,-57.76,32.93,58,63,1.56,BR,1710266735
286,saipan,15.1355,145.701,26.39,83,40,4.12,MP,1710266736
287,illizi,26.4833,8.4667,25.89,18,26,4.27,DZ,1710266738
288,shache,38.4167,77.2406,10.18,23,47,1.47,CN,1710266740
289,gadzhiyevo,69.2551,33.3362,-4.53,76,100,7.45,RU,1710266741
290,susuman,62.7833,148.1667,-30.01,100,100,0.45,RU,1710266743
291,arendal,58.4615,8.7725,1.89,74,100,2.1,NO,1710266744
292,san isidro de curuguaty,-24.5167,-55.7,39.7,24,0,2.12,PY,1710266745
293,kouango,4.9934,19.9619,33.47,29,85,1.55,CF,1710266746
294,cole harbour,44.6724,-63.4751,2.76,85,100,8.23,CA,1710266747
295,taro,-8.3862,115.28,24.0,95,100,2.09,ID,1710266749
296,harper,4.375,-7.7169,29.21,78,94,3.52,LR,1710266750
297,keflavik,64.0049,-22.5624,5.95,87,75,4.63,IS,1710266751
298,faya-largeau,17.9257,19.1043,30.18,8,25,0.55,TD,1710266753
299,juegang,32.3174,121.1855,3.7,63,92,1.21,CN,1710266754
300,conceicao do araguaia,-8.2578,-49.2647,33.57,51,18,2.99,BR,1710266755
301,luanda,-8.8368,13.2343,30.0,79,20,5.14,AO,1710266187
302,klyuchi,52.2667,79.1667,-6.0,95,100,5.23,RU,1710266757
303,magistral'nyy,56.1725,107.4458,-12.02,93,44,2.53,RU,1710266759
304,chinchilla,-26.75,150.6333,16.12,90,0,3.81,AU,1710266760
305,la cruz,23.9167,-106.9,27.11,34,100,1.36,MX,1710266761
306,muang phon-hong,18.4928,102.4172,24.95,64,92,0.9,LA,1710266764
307,tanabe,33.7333,135.3667,6.95,75,30,8.89,JP,1710266765
308,pisco,-13.7,-76.2167,28.03,57,0,9.77,PE,1710266766
309,utrik,11.2278,169.8474,26.41,77,100,11.03,MH,1710266768
310,naifaru,5.4444,73.3657,28.22,72,16,2.33,MV,1710266769
311,kalmunai,7.4167,81.8167,25.84,75,71,1.74,LK,1710266771
312,bonito,-21.1211,-56.4819,39.2,26,97,2.11,BR,1710266539
313,palmerston,-12.486,130.9833,25.99,92,75,3.09,AU,1710266774
314,wailua homesteads,22.0669,-159.378,22.64,85,75,5.66,US,1710266776
315,natal,-5.795,-35.2094,33.12,62,40,4.12,BR,1710266053
316,kingston,17.997,-76.7936,32.87,56,20,3.6,JM,1710266530
317,paso de carrasco,-34.8603,-56.0522,21.08,88,100,3.09,UY,1710266781
318,tralee,52.2704,-9.7026,13.14,88,75,7.72,IE,1710266783
319,madalena,41.2162,-8.3345,14.32,72,99,1.0,PT,1710266785
320,vuktyl,63.8567,57.3094,-19.38,99,91,2.24,RU,1710266786
321,aykhal,66.0,111.5,-30.57,100,98,0.65,RU,1710266788
322,jinchang,38.4953,102.1739,5.27,39,100,3.2,CN,1710266789
323,nelson bay,-32.7167,152.15,21.11,90,20,2.24,AU,1710266791
324,pascagoula,30.3658,-88.5561,22.4,36,81,1.87,US,1710266792
325,tisul',55.7611,88.3122,-9.02,97,100,0.91,RU,1710267184
326,aksu,41.1231,80.2644,8.5,25,18,1.82,CN,1710267185
327,bowie,33.4501,-94.4335,22.22,66,72,5.04,US,1710267015
328,el granada,37.5027,-122.4694,15.47,89,100,5.66,US,1710267188
329,katabu,-4.9333,122.5167,24.98,94,100,0.67,ID,1710267190
330,hadibu,12.65,54.0333,26.59,77,20,3.55,YE,1710267192
331,haiku-pauwela,20.9219,-156.3051,24.47,83,20,2.24,US,1710267193
332,conception bay south,47.4999,-52.9981,4.53,97,100,0.74,CA,1710267195
333,solnechnyy,50.7214,136.6319,-20.54,92,23,1.51,RU,1710267197
334,lihue,21.9789,-159.3672,22.98,84,75,5.66,US,1710266959
335,geraldton,-28.7667,114.6,22.23,83,0,4.12,AU,1710266955
336,emporia,38.4039,-96.1817,20.11,42,0,9.26,US,1710266940
337,tionk essil,12.7856,-16.5217,33.6,21,98,7.31,SN,1710267204
338,quartu sant'elena,39.2419,9.1839,13.93,66,40,3.6,IT,1710267205
339,as salamiyah,35.0113,37.0532,13.44,53,21,1.23,SY,1710267206
340,mbabane,-26.3167,31.1333,18.7,81,100,1.25,SZ,1710266922
341,port lincoln,-34.7333,135.8667,19.23,85,100,6.81,AU,1710267209
342,glace bay,46.1969,-59.957,4.47,82,75,5.14,CA,1710267210
343,choibalsan,48.0667,114.5,-10.4,84,7,3.76,MN,1710267211
344,tura,25.5198,90.2201,20.12,34,0,2.04,IN,1710267213
345,dawei,14.0833,98.2,23.24,77,41,1.0,MM,1710267214
346,marat,25.0701,45.4615,18.66,21,7,4.94,SA,1710267215
347,waingapu,-9.6567,120.2641,25.61,88,100,2.51,ID,1710267216
348,tazacorte,28.629,-17.9293,21.54,74,20,3.09,ES,1710267218
349,nguigmi,14.2495,13.1092,32.04,17,88,4.69,NE,1710267219
350,florence,43.7667,11.25,13.06,78,3,1.93,IT,1710267220
351,sabang,5.8933,95.3214,27.84,68,32,2.86,ID,1710267222
352,talakan,50.3167,130.3667,-15.56,97,89,1.48,RU,1710267223
353,quezon,7.7303,125.0989,22.52,92,91,1.6,PH,1710267224
354,ebon,4.582,168.6964,27.48,88,100,10.24,MH,1710267130
355,fale old settlement,-9.3852,-171.2468,29.42,72,48,5.42,TK,1710267154
356,tonosho,34.4833,134.1833,8.0,64,59,8.78,JP,1710266960
357,ataq,14.5377,46.8319,24.3,49,58,5.28,YE,1710267229
358,west plains,36.7281,-91.8524,20.51,46,0,6.71,US,1710267231
359,weno,7.4515,151.8468,27.8,71,99,6.31,FM,1710267153
360,prado,-17.3411,-39.2208,27.39,84,94,3.4,BR,1710267196
361,zandvoort,52.3749,4.5341,10.01,89,75,4.63,NL,1710267234
362,barranca,-10.75,-77.7667,25.37,72,92,4.33,PE,1710267235
363,rongelap,11.1635,166.8941,26.54,78,100,10.81,MH,1710267123
364,laguna,38.421,-121.4238,13.08,82,100,6.69,US,1710266964
365,adigrat,14.277,39.462,16.74,70,71,2.13,ET,1710267239
366,saldanha,-33.0117,17.9442,18.6,85,8,8.64,ZA,1710266948
367,vorgashor,67.5833,63.95,-13.32,94,100,11.42,RU,1710266936
368,hernando,28.5419,-82.4582,26.63,52,75,4.12,US,1710267243
369,happy valley-goose bay,53.3168,-60.3315,1.17,75,75,11.32,CA,1710267244
370,ryotsu-minato,38.0833,138.4333,4.4,72,97,10.79,JP,1710267245
371,mumbwa,-14.9783,27.0619,20.07,86,99,2.33,ZM,1710267247
372,buenaventura,3.8801,-77.0312,29.37,80,86,1.55,CO,1710267248
373,pontianak,-0.0333,109.3333,24.67,91,100,2.29,ID,1710267249
374,businga,3.3333,20.8833,30.67,40,77,1.14,CD,1710267250
375,yambio,4.5721,28.3955,29.56,34,99,2.02,SS,1710267252
376,mejit,10.2753,170.8646,26.31,84,100,11.58,MH,1710267253
377,uacu cungo,-11.3634,15.1208,18.35,94,100,0.65,AO,1710267255
378,celestun,20.8667,-90.4,29.16,61,11,3.08,MX,1710267158
379,margate,51.3813,1.3862,12.15,93,100,3.58,GB,1710266828
380,ar rutbah,33.0381,40.2848,15.6,25,0,4.43,IQ,1710267258
381,port pirie,-33.1833,138.0167,25.56,52,88,0.84,AU,1710267259
382,bonthe,7.5264,-12.505,28.39,67,100,5.54,SL,1710267011
383,belyy yar,53.6039,91.3903,-2.06,86,100,1.0,RU,1710267262
384,khasab,26.1799,56.2477,22.08,70,7,5.95,OM,1710267263
385,korla,41.7597,86.1469,9.03,38,68,1.75,CN,1710267118
386,nabire,-3.3667,135.4833,24.45,91,100,1.18,ID,1710267194
387,thurso,58.5927,-3.5259,7.14,84,99,7.82,GB,1710267266
388,fomboni,-12.28,43.7425,29.41,72,35,3.7,KM,1710267226
389,bandar lampung,-5.4254,105.258,23.82,95,100,3.0,ID,1710267269
390,paita,-5.0892,-81.1144,27.05,64,39,5.37,PE,1710267026
391,san luis de la loma,17.2706,-100.8939,31.33,41,3,4.1,MX,1710267273
392,yazoo city,32.8551,-90.4056,21.06,50,64,3.46,US,1710267275
393,kibre mengist,5.8833,38.9833,21.6,39,29,1.48,ET,1710267287
394,labytnangi,66.6572,66.4183,-13.38,86,100,7.83,RU,1710267288
395,val-d'or,48.1002,-77.7828,2.16,64,17,0.34,CA,1710267292
396,otuzco,-7.9,-78.5833,18.04,58,97,3.61,PE,1710267294
397,chimbote,-9.0853,-78.5783,26.36,70,69,4.32,PE,1710267269
398,la passe,45.5549,-0.8967,14.13,94,100,3.05,FR,1710266945
399,saurimo,-9.6608,20.3916,19.47,92,90,0.86,AO,1710267297
400,marabba,12.35,32.1833,35.49,9,75,3.83,SD,1710267298
401,petropavlovsk-kamchatsky,53.0452,158.6483,-15.3,92,54,6.71,RU,1710266953
402,nioki,-2.7167,17.6833,27.54,60,60,1.66,CD,1710267301
403,kurakhovo,47.9852,37.2821,2.04,49,57,4.77,UA,1710267302
404,nyurba,63.2842,118.3319,-23.61,100,91,1.18,RU,1710266926
405,garachico,28.7781,-17.7646,20.06,56,20,3.09,ES,1710267305
406,cidreira,-30.1811,-50.2056,25.01,71,38,6.44,BR,1710267065
407,richards bay,-28.783,32.0377,27.27,75,100,7.05,ZA,1710267273
408,dzhambeyty,50.2536,52.595,-5.8,97,98,3.02,KZ,1710267310
409,entebbe,0.0644,32.4469,24.25,73,88,3.85,UG,1710267312
410,general tinio,15.35,121.05,22.89,92,98,0.95,PH,1710267313
411,laayoune,27.1622,-13.2032,19.0,57,9,6.1,EH,1710267315
412,skeldon,5.8833,-57.1333,30.69,60,76,4.02,GY,1710267316
413,kharkhorin,47.1975,102.8238,-7.44,81,29,2.6,MN,1710267317
414,coronel dorrego,-38.7187,-61.2873,29.48,24,80,6.83,AR,1710267319
415,longboat key,27.4125,-82.659,26.74,66,29,2.96,US,1710267058
416,yuzhno-kurilsk,44.0306,145.8556,-0.35,65,100,6.5,RU,1710267028
417,sabha,27.0377,14.4283,24.2,12,5,4.19,LY,1710267064
418,mhamid,29.82,-5.72,25.81,15,79,3.5,MA,1710267324
419,kirakira,-10.4544,161.9205,26.94,89,100,4.48,SB,1710267326
420,datong,40.0936,113.2914,1.8,39,92,1.56,CN,1710267327
421,yigo village,13.5361,144.8886,26.16,88,75,5.14,GU,1710267329
422,prairie grove,35.9759,-94.3177,21.27,50,0,8.49,US,1710267330
423,blankenberge,51.3131,3.1323,11.32,78,100,3.13,BE,1710267331
424,villa bruzual,9.3328,-69.1208,39.19,26,88,1.44,VE,1710267332
425,neelankarai,12.9455,80.2575,28.03,78,20,2.06,IN,1710267117
426,galesong,-5.3166,119.3661,25.01,85,100,3.41,ID,1710267335
427,coquimbo,-29.9533,-71.3436,22.17,58,0,4.62,CL,1710266806
428,barra de santo antonio,-9.4047,-35.5072,30.28,67,88,4.64,BR,1710267338
429,quepos,9.4236,-84.1652,31.65,58,80,3.66,CR,1710267339
430,mawlaik,23.6333,94.4167,19.96,39,0,0.86,MM,1710267340
431,la troncal,-2.4,-79.3333,31.5,71,95,1.69,EC,1710267341
432,pimentel,-6.8367,-79.9342,30.16,54,0,5.66,PE,1710267010
433,la villa del rosario,10.3258,-72.3134,36.91,36,59,4.07,VE,1710267344
434,cururupu,-1.8283,-44.8683,30.88,63,100,2.81,BR,1710267200
435,nuku'alofa,-21.1333,-175.2,26.9,80,100,7.81,TO,1710267346
436,chyorny yar,48.0624,46.1091,-2.06,72,3,3.36,RU,1710267347
437,berezovyy,51.6667,135.7,-17.08,93,12,1.89,RU,1710267348
438,sao vicente,-23.9631,-46.3919,29.1,51,38,2.68,BR,1710267350
439,chernyshevskiy,63.0128,112.4714,-27.97,100,94,0.73,RU,1710267136
440,ponta delgada,37.7333,-25.6667,18.44,77,40,6.69,PT,1710267354
441,nantucket,41.2835,-70.0995,11.68,49,0,11.32,US,1710267145
442,island harbour,50.724,-1.2758,13.04,94,100,3.58,GB,1710267356
443,yabelo,4.8833,38.0833,23.06,30,12,6.14,ET,1710267357
444,kudahuvadhoo,2.6708,72.8944,28.21,70,88,3.28,MV,1710267358
445,ishigaki,24.3448,124.1572,18.89,63,0,10.76,JP,1710266922
446,whakatane,-37.9585,176.9854,16.4,99,91,2.29,NZ,1710266931
447,saint-pierre,-21.3393,55.4781,26.38,79,21,5.27,RE,1710266940
448,asamankese,5.8601,-0.6635,29.39,69,98,3.52,GH,1710267363
449,alesund,62.4723,6.1549,5.97,68,75,3.6,NO,1710267216
450,jaisalmer,26.9147,70.9181,25.23,21,0,1.8,IN,1710267366
451,gronau,52.2,7.0333,8.39,82,99,2.97,DE,1710267367
452,udachny,66.4167,112.4,-33.75,100,86,1.47,RU,1710267068
453,naze,28.3667,129.4833,13.51,52,6,10.34,JP,1710267369
454,bucak,37.4592,30.595,6.8,86,3,1.48,TR,1710267370
455,kerikeri,-35.2268,173.9474,18.84,92,90,1.29,NZ,1710267085
456,horta,38.5333,-28.6333,15.8,90,40,7.2,PT,1710267180
457,toliara,-23.35,43.6667,27.63,82,99,0.61,MG,1710267374
458,ak-dovurak,51.1833,90.6,-9.38,94,99,0.45,RU,1710267375
459,seosan,36.7817,126.4522,4.78,73,2,2.9,KR,1710267377
460,bikenibeu village,1.3673,173.1241,25.98,94,40,4.12,KI,1710267123
461,touros,-5.1989,-35.4608,30.49,65,70,3.96,BR,1710267027
462,oromocto,45.8351,-66.4792,5.95,69,100,10.8,CA,1710267380
463,hilo,19.7297,-155.09,23.12,90,40,3.09,US,1710267234
464,eldorado,-23.7869,-54.2836,36.5,26,3,3.37,BR,1710267383
465,pierre,44.3683,-100.351,16.59,26,0,7.72,US,1710267384
466,boa vista,2.8197,-60.6733,33.99,43,75,4.63,BR,1710267125
467,seminole,28.7086,-81.2081,26.9,50,0,2.06,US,1710267386
468,whangarei,-35.7317,174.3239,18.39,95,94,2.15,NZ,1710267387
469,sirte,31.2089,16.5887,16.87,69,100,3.6,LY,1710267389
470,semera,11.501,41.201,32.06,35,51,2.44,ET,1710267391
471,la banda,-27.7335,-64.2428,41.85,24,0,11.15,AR,1710267392
472,puerto leguizamo,-0.1934,-74.7819,34.45,47,100,0.84,CO,1710267394
473,tamanrasset,22.785,5.5228,24.8,14,88,4.71,DZ,1710267223
474,barabai,-2.5833,115.3833,23.67,99,100,0.41,ID,1710267396
475,marsabit,2.3284,37.9899,25.69,37,92,4.52,KE,1710267397
476,zhaoyuan,37.3592,120.3964,3.6,37,35,3.0,CN,1710267398
477,seabra,-12.4186,-41.7703,32.41,37,85,3.55,BR,1710267075
478,lago da pedra,-4.3333,-45.1667,29.61,80,98,1.47,BR,1710267400
479,pachino,36.7186,15.0907,13.06,78,5,9.33,IT,1710267402
480,ambodifotatra,-16.9833,49.85,27.91,76,100,5.15,MG,1710267403
481,qarazhal,48.0078,70.7903,-8.92,90,62,2.86,KZ,1710267404
482,zelenogorsk,56.1147,94.5861,-9.64,96,92,1.1,RU,1710267405
483,mindelo,16.8901,-24.9804,24.75,61,20,8.75,CV,1710267406
484,tadmur,34.5608,38.2805,17.27,26,23,3.38,SY,1710267408
485,lerwick,60.1545,-1.1494,6.0,95,100,8.63,GB,1710267023
486,talcahuano,-36.7167,-73.1167,18.82,77,20,4.12,CL,1710267363
487,mallawi,27.7314,30.8417,22.06,15,0,2.83,EG,1710267411
488,kokpekty,48.75,82.4,-0.44,95,100,1.9,KZ,1710267412
489,sola,-13.8833,167.55,28.35,77,99,6.91,VU,1710267414
490,kualakapuas,-3.0091,114.3876,23.65,99,100,1.07,ID,1710267415
491,mikhaylovsk,45.1283,42.0256,0.12,86,0,3.13,RU,1710267416
492,dagomys,43.6703,39.6689,7.97,58,47,2.95,RU,1710267418
493,mossel bay,-34.1831,22.146,19.96,86,14,2.51,ZA,1710267419
494,otjimbingwe,-22.35,16.1333,26.14,50,85,8.19,NA,1710267421
495,ust-tsilma,65.441,52.1498,-5.06,93,99,4.72,RU,1710267423
496,hinton,53.4001,-117.5857,2.59,74,60,2.02,CA,1710267425
497,lashio,22.9333,97.75,16.21,37,1,0.38,MM,1710267426
498,taitung city,22.7583,121.1444,17.07,65,1,4.13,TW,1710267427
499,marsh harbour,26.5412,-77.0636,20.98,58,2,4.41,BS,1710267431
500,arkhangel'sk,64.5401,40.5433,1.18,90,100,4.04,RU,1710267432
501,shchuchyn,53.6014,24.7465,1.51,97,100,5.53,BY,1710267433
502,port saint john's,-31.6229,29.5448,25.02,87,85,7.5,ZA,1710267434
503,colonia,50.9333,6.95,9.92,78,75,3.6,DE,1710267169
504,bou hanifia el hamamat,35.3147,-0.0504,19.74,46,0,3.88,DZ,1710267437
505,alpine,32.835,-116.7664,13.74,83,100,2.57,US,1710267432
506,guatire,10.4762,-66.5427,33.44,44,62,3.47,VE,1710267439
507,nizhnesortymskiy,62.4397,71.7603,-25.39,100,51,2.92,RU,1710267440
508,saudarkrokur,65.7461,-19.6394,0.33,87,98,1.15,IS,1710267443
509,at-bashi,41.1702,75.8106,-3.07,68,86,2.96,KG,1710267444
510,krasnokamsk,58.0802,55.7541,-13.91,99,94,0.82,RU,1710267445
511,susaki,33.3667,133.2833,9.04,76,7,3.36,JP,1710267446
512,thunder bay,48.4001,-89.3168,9.4,52,100,1.06,CA,1710267106
513,khandyga,62.6667,135.6,-25.67,96,88,1.6,RU,1710267174
514,kasongo-lunda,-6.4667,16.8167,25.49,77,68,0.64,CD,1710267450
515,vadso,70.0744,29.7487,-5.51,68,75,5.14,NO,1710266955
516,las veredas,23.1388,-109.7075,29.52,38,40,6.17,MX,1710267452
517,kainantu,-6.2887,145.8655,16.88,99,100,0.77,PG,1710267454
518,petite riviere,-20.1894,57.4453,25.4,88,27,5.6,MU,1710267466
519,kegeyli shahar,42.7767,59.6078,2.64,39,11,2.75,UZ,1710267477
520,gaigeturi,33.4644,126.3183,8.0,63,5,8.72,KR,1710267478
521,angaur state,6.906,134.13,27.38,81,66,7.2,PW,1710267479
522,jwaneng,-24.6004,24.7303,26.78,22,40,3.17,BW,1710267481
523,nyandoma,61.669,40.1991,-3.47,93,100,3.02,RU,1710267485
524,vetluga,57.8557,45.781,-8.19,96,100,1.95,RU,1710267487
525,edmond,35.6528,-97.4781,22.55,57,97,5.81,US,1710267357
526,olmos,-5.9847,-79.7453,32.72,42,100,2.2,PE,1710267490
527,songea,-10.6833,35.65,19.06,91,83,1.79,TZ,1710267491
528,ardakan,32.31,54.0175,13.51,44,24,1.26,IR,1710267492
529,turpan,42.9333,89.1667,12.84,22,3,1.1,CN,1710267494
530,sanctuary point,-35.1114,150.629,22.4,83,82,3.11,AU,1710267495
531,el bauga,18.262,33.9081,33.23,10,15,4.25,SD,1710267497
532,hammerfest,70.6634,23.6821,-4.75,68,75,5.66,NO,1710266945
533,kutum,14.2,24.6667,29.09,10,60,3.7,SD,1710267500
534,behshahr,36.6923,53.5526,7.97,79,22,2.8,IR,1710267501
535,kavieng,-2.5744,150.7967,26.75,82,100,2.6,PG,1710267502
536,lincheng,19.9078,109.6858,19.86,85,75,5.71,CN,1710267504
537,zaozersk,69.4005,32.4476,-8.72,97,98,2.4,RU,1710267505
538,khovd,48.0056,91.6419,-1.03,47,82,1.3,MN,1710267506
539,vila franca do campo,37.7167,-25.4333,18.27,99,46,5.3,PT,1710267507
540,east florence,34.8095,-87.6495,21.0,27,0,2.57,US,1710267509
541,fiambala,-27.6871,-67.6149,35.53,29,0,4.28,AR,1710267510
542,havran,39.5583,27.0983,15.19,85,51,4.48,TR,1710267512
543,ramhormoz,31.28,49.6035,17.79,47,0,2.85,IR,1710267514
544,alaghsas,17.0187,8.0168,35.94,5,0,3.6,NE,1710267515
545,ngerengere,-6.75,38.1167,25.03,87,71,0.86,TZ,1710267517
546,saint-louis,16.3333,-15.0,35.97,7,63,4.78,SN,1710267518
547,puerto gaitan,4.3133,-72.0816,34.66,46,76,1.12,CO,1710267519
548,camp verde,34.5636,-111.8543,19.24,31,55,4.43,US,1710267405
549,west end,26.6833,-78.9667,20.91,61,17,2.8,BS,1710267522
550,nogliki,51.8333,143.1667,-19.81,100,66,2.24,RU,1710267523
551,kabinda,-6.1333,24.4833,21.36,94,74,1.35,CD,1710267524
552,lensk,60.7253,114.9278,-17.38,100,99,1.17,RU,1710267526
553,mogocha,53.7333,119.7667,-14.87,96,19,1.53,RU,1710267527
554,ar ruways,24.1103,52.7306,20.09,61,3,7.45,AE,1710267528
555,puerto escondido,15.85,-97.0667,30.42,61,0,3.8,MX,1710267351
556,nosy varika,-20.5833,48.5333,25.32,87,33,1.2,MG,1710267530
557,kokuy,52.2037,117.5529,-16.21,99,46,1.06,RU,1710267532
558,mahdia,35.5047,11.0622,16.97,51,5,7.87,TN,1710267533
559,al fqih ben calah,32.5009,-6.6906,21.7,37,100,3.22,MA,1710267535
560,mananjary,-21.2167,48.3333,25.51,88,19,1.99,MG,1710267536
561,goundam,16.4145,-3.6708,35.36,11,78,4.25,ML,1710267537
562,chernyshevsk,52.5243,117.0174,-17.8,100,72,0.32,RU,1710267538
563,howard springs,-12.497,131.047,24.99,96,100,1.9,AU,1710267539
564,loen,7.7601,168.2307,27.28,85,100,11.41,MH,1710267541
565,ust'-kulom,61.6864,53.6902,-16.13,100,100,1.28,RU,1710267542
566,soure,-0.7167,-48.5233,28.77,75,62,5.07,BR,1710267340
567,queimadas,-10.9783,-39.6264,37.14,25,36,4.03,BR,1710267546
568,mili,6.0815,171.735,27.74,84,98,11.16,MH,1710267547
569,zakamensk,50.3741,103.2863,-10.9,94,7,1.16,RU,1710267549
570,mbeni,-11.5014,43.3775,26.04,73,54,2.47,KM,1710267551
571,ocean city,39.2776,-74.5746,19.14,32,14,3.13,US,1710267553
572,palos de la frontera,37.2346,-6.8947,19.05,40,100,0.45,ES,1710267554
573,presidente olegario,-18.4178,-46.4181,27.6,68,49,1.93,BR,1710267323
574,phan rang-thap cham,11.5667,108.9833,23.43,83,100,2.69,VN,1710267557
575,east ballina,-28.8667,153.5833,18.22,80,47,3.21,AU,1710267558
576,guerrero negro,27.9769,-114.0611,17.68,63,0,8.36,MX,1710267560
577,norton,-17.8833,30.7,24.6,66,90,1.81,ZW,1710267562
578,motueka,-41.1333,173.0167,16.17,82,100,2.44,NZ,1710267563
579,cestos city,5.46,-9.5828,27.92,80,100,2.73,LR,1710267565
580,ketchikan,55.3422,-131.6461,6.99,87,100,3.09,US,1710267566
581,arawa,-6.2132,155.5367,25.58,94,100,1.87,PG,1710267567
582,opuwo,-18.0607,13.84,25.51,52,51,7.78,NA,1710267569
583,gwanda,-20.9333,29.0,21.65,68,45,2.84,ZW,1710267570
584,mawu,29.5923,107.3139,13.74,69,100,1.07,CN,1710267571
585,flying fish cove,-10.4217,105.6791,25.82,88,100,5.14,CX,1710267573
586,peschanokopskoye,46.1961,41.0775,0.84,61,8,4.72,RU,1710267574
587,imbituba,-28.24,-48.6703,26.59,66,2,5.28,BR,1710267576
588,parkes,-33.1333,148.1833,22.42,46,90,2.44,AU,1710267577
589,rabo de peixe,37.8,-25.5833,17.77,99,40,6.69,PT,1710267578
